,gender,genderCrabonProduced,clothBought,totalClothBought,totalCount
0,Male,155.9463333333333,18.933333333333334,1136,60
1,Female,223.81670329670334,27.494505494505493,2502,91
2,Others,0.0,0.0,0,1
