,generationName,generation,carbonAverageProduced,generationClothBought,totalCount
0,Gen Z,18.5,236.66781250000003,28.078125,64
1,Milleniums,34.5,240.3841666666667,28.875,24
2,Gen X,50.5,141.77157894736843,18.50877192982456,57
3,Boomers,66.5,121.19333333333334,15.5,6
